_id,ปี,ที่มา,ไม่ประจำทาง,อันดับ,เดือน,ส่วนบุคคล,หน่วย,ลักษณะรถ
1,2566,สำนักงานขนส่งจังหวัดสมุทรปราการ,38,1,มกราคม,37,คัน,กระบะบรรทุก
2,2566,สำนักงานขนส่งจังหวัดสมุทรปราการ,46,1,มกราคม,9,คัน,ตู้บรรทุก
3,2566,สำนักงานขนส่งจังหวัดสมุทรปราการ,0,1,มกราคม,1,คัน,บรรทุกของเหลว
4,2566,สำนักงานขนส่งจังหวัดสมุทรปราการ,0,1,มกราคม,0,คัน,บรรทุกวัตถุอันตราย
5,2566,สำนักงานขนส่งจังหวัดสมุทรปราการ,11,1,มกราคม,10,คัน,บรรทุกเฉพาะกิจ
6,2566,สำนักงานขนส่งจังหวัดสมุทรปราการ,18,1,มกราคม,0,คัน,รถพ่วง
7,2566,สำนักงานขนส่งจังหวัดสมุทรปราการ,59,1,มกราคม,2,คัน,รถกึ่งพ่วง
8,2566,สำนักงานขนส่งจังหวัดสมุทรปราการ,43,1,มกราคม,4,คัน,ลากจูง
9,2566,สำนักงานขนส่งจังหวัดสมุทรปราการ,30,2,กุมภาพันธ์ ,17,คัน,กระบะบรรทุก
10,2566,สำนักงานขนส่งจังหวัดสมุทรปราการ,69,2,กุมภาพันธ์ ,6,คัน,ตู้บรรทุก
11,2566,สำนักงานขนส่งจังหวัดสมุทรปราการ,0,2,กุมภาพันธ์ ,0,คัน,บรรทุกของเหลว
12,2566,สำนักงานขนส่งจังหวัดสมุทรปราการ,0,2,กุมภาพันธ์ ,0,คัน,บรรทุกวัตถุอันตราย
13,2566,สำนักงานขนส่งจังหวัดสมุทรปราการ,22,2,กุมภาพันธ์ ,5,คัน,บรรทุกเฉพาะกิจ
14,2566,สำนักงานขนส่งจังหวัดสมุทรปราการ,10,2,กุมภาพันธ์ ,4,คัน,รถพ่วง
15,2566,สำนักงานขนส่งจังหวัดสมุทรปราการ,45,2,กุมภาพันธ์ ,0,คัน,รถกึ่งพ่วง
16,2566,สำนักงานขนส่งจังหวัดสมุทรปราการ,61,2,กุมภาพันธ์ ,0,คัน,ลากจูง
17,2566,สำนักงานขนส่งจังหวัดสมุทรปราการ,37,3,มีนาคม,20,คัน,กระบะบรรทุก
18,2566,สำนักงานขนส่งจังหวัดสมุทรปราการ,92,3,มีนาคม,1,คัน,ตู้บรรทุก
19,2566,สำนักงานขนส่งจังหวัดสมุทรปราการ,0,3,มีนาคม,0,คัน,บรรทุกของเหลว
20,2566,สำนักงานขนส่งจังหวัดสมุทรปราการ,0,3,มีนาคม,0,คัน,บรรทุกวัตถุอันตราย
21,2566,สำนักงานขนส่งจังหวัดสมุทรปราการ,8,3,มีนาคม,1,คัน,บรรทุกเฉพาะกิจ
22,2566,สำนักงานขนส่งจังหวัดสมุทรปราการ,13,3,มีนาคม,1,คัน,รถพ่วง
23,2566,สำนักงานขนส่งจังหวัดสมุทรปราการ,67,3,มีนาคม,2,คัน,รถกึ่งพ่วง
24,2566,สำนักงานขนส่งจังหวัดสมุทรปราการ,79,3,มีนาคม,4,คัน,ลากจูง
25,2566,สำนักงานขนส่งจังหวัดสมุทรปราการ,34,4,เมษายน,15,คัน,กระบะบรรทุก
26,2566,สำนักงานขนส่งจังหวัดสมุทรปราการ,44,4,เมษายน,13,คัน,ตู้บรรทุก
27,2566,สำนักงานขนส่งจังหวัดสมุทรปราการ,0,4,เมษายน,1,คัน,บรรทุกของเหลว
28,2566,สำนักงานขนส่งจังหวัดสมุทรปราการ,1,4,เมษายน,0,คัน,บรรทุกวัตถุอันตราย
29,2566,สำนักงานขนส่งจังหวัดสมุทรปราการ,17,4,เมษายน,3,คัน,บรรทุกเฉพาะกิจ
30,2566,สำนักงานขนส่งจังหวัดสมุทรปราการ,14,4,เมษายน,0,คัน,รถพ่วง
31,2566,สำนักงานขนส่งจังหวัดสมุทรปราการ,47,4,เมษายน,3,คัน,รถกึ่งพ่วง
32,2566,สำนักงานขนส่งจังหวัดสมุทรปราการ,54,4,เมษายน,2,คัน,ลากจูง
33,2566,สำนักงานขนส่งจังหวัดสมุทรปราการ,39,5,พฤษภาคม,5,คัน,กระบะบรรทุก
34,2566,สำนักงานขนส่งจังหวัดสมุทรปราการ,51,5,พฤษภาคม,8,คัน,ตู้บรรทุก
35,2566,สำนักงานขนส่งจังหวัดสมุทรปราการ,0,5,พฤษภาคม,0,คัน,บรรทุกของเหลว
36,2566,สำนักงานขนส่งจังหวัดสมุทรปราการ,0,5,พฤษภาคม,2,คัน,บรรทุกวัตถุอันตราย
37,2566,สำนักงานขนส่งจังหวัดสมุทรปราการ,31,5,พฤษภาคม,12,คัน,บรรทุกเฉพาะกิจ
38,2566,สำนักงานขนส่งจังหวัดสมุทรปราการ,13,5,พฤษภาคม,1,คัน,รถพ่วง
39,2566,สำนักงานขนส่งจังหวัดสมุทรปราการ,91,5,พฤษภาคม,7,คัน,รถกึ่งพ่วง
40,2566,สำนักงานขนส่งจังหวัดสมุทรปราการ,98,5,พฤษภาคม,3,คัน,ลากจูง
41,2566,สำนักงานขนส่งจังหวัดสมุทรปราการ,39,6,มิถุนายน,9,คัน,กระบะบรรทุก
42,2566,สำนักงานขนส่งจังหวัดสมุทรปราการ,44,6,มิถุนายน,13,คัน,ตู้บรรทุก
43,2566,สำนักงานขนส่งจังหวัดสมุทรปราการ,1,6,มิถุนายน,0,คัน,บรรทุกของเหลว
44,2566,สำนักงานขนส่งจังหวัดสมุทรปราการ,0,6,มิถุนายน,0,คัน,บรรทุกวัตถุอันตราย
45,2566,สำนักงานขนส่งจังหวัดสมุทรปราการ,9,6,มิถุนายน,7,คัน,บรรทุกเฉพาะกิจ
46,2566,สำนักงานขนส่งจังหวัดสมุทรปราการ,8,6,มิถุนายน,2,คัน,รถพ่วง
47,2566,สำนักงานขนส่งจังหวัดสมุทรปราการ,38,6,มิถุนายน,5,คัน,รถกึ่งพ่วง
48,2566,สำนักงานขนส่งจังหวัดสมุทรปราการ,73,6,มิถุนายน,2,คัน,ลากจูง
49,2566,สำนักงานขนส่งจังหวัดสมุทรปราการ,22,7,กรกฎาคม,19,คัน,กระบะบรรทุก
50,2566,สำนักงานขนส่งจังหวัดสมุทรปราการ,87,7,กรกฎาคม,6,คัน,ตู้บรรทุก
51,2566,สำนักงานขนส่งจังหวัดสมุทรปราการ,0,7,กรกฎาคม,0,คัน,บรรทุกของเหลว
52,2566,สำนักงานขนส่งจังหวัดสมุทรปราการ,0,7,กรกฎาคม,0,คัน,บรรทุกวัตถุอันตราย
53,2566,สำนักงานขนส่งจังหวัดสมุทรปราการ,12,7,กรกฎาคม,8,คัน,บรรทุกเฉพาะกิจ
54,2566,สำนักงานขนส่งจังหวัดสมุทรปราการ,5,7,กรกฎาคม,3,คัน,รถพ่วง
55,2566,สำนักงานขนส่งจังหวัดสมุทรปราการ,60,7,กรกฎาคม,6,คัน,รถกึ่งพ่วง
56,2566,สำนักงานขนส่งจังหวัดสมุทรปราการ,83,7,กรกฎาคม,7,คัน,ลากจูง
57,2566,สำนักงานขนส่งจังหวัดสมุทรปราการ,32,8,สิงหาคม,18,คัน,กระบะบรรทุก
58,2566,สำนักงานขนส่งจังหวัดสมุทรปราการ,78,8,สิงหาคม,15,คัน,ตู้บรรทุก
59,2566,สำนักงานขนส่งจังหวัดสมุทรปราการ,0,8,สิงหาคม,0,คัน,บรรทุกของเหลว
60,2566,สำนักงานขนส่งจังหวัดสมุทรปราการ,0,8,สิงหาคม,0,คัน,บรรทุกวัตถุอันตราย
61,2566,สำนักงานขนส่งจังหวัดสมุทรปราการ,13,8,สิงหาคม,3,คัน,บรรทุกเฉพาะกิจ
62,2566,สำนักงานขนส่งจังหวัดสมุทรปราการ,2,8,สิงหาคม,1,คัน,รถพ่วง
63,2566,สำนักงานขนส่งจังหวัดสมุทรปราการ,56,8,สิงหาคม,3,คัน,รถกึ่งพ่วง
64,2566,สำนักงานขนส่งจังหวัดสมุทรปราการ,98,8,สิงหาคม,1,คัน,ลากจูง
65,2566,สำนักงานขนส่งจังหวัดสมุทรปราการ,34,9,กันยายน,10,คัน,กระบะบรรทุก
66,2566,สำนักงานขนส่งจังหวัดสมุทรปราการ,49,9,กันยายน,2,คัน,ตู้บรรทุก
67,2566,สำนักงานขนส่งจังหวัดสมุทรปราการ,0,9,กันยายน,1,คัน,บรรทุกของเหลว
68,2566,สำนักงานขนส่งจังหวัดสมุทรปราการ,0,9,กันยายน,0,คัน,บรรทุกวัตถุอันตราย
69,2566,สำนักงานขนส่งจังหวัดสมุทรปราการ,19,9,กันยายน,3,คัน,บรรทุกเฉพาะกิจ
70,2566,สำนักงานขนส่งจังหวัดสมุทรปราการ,9,9,กันยายน,2,คัน,รถพ่วง
71,2566,สำนักงานขนส่งจังหวัดสมุทรปราการ,124,9,กันยายน,3,คัน,รถกึ่งพ่วง
72,2566,สำนักงานขนส่งจังหวัดสมุทรปราการ,83,9,กันยายน,5,คัน,ลากจูง
73,2566,สำนักงานขนส่งจังหวัดสมุทรปราการ,53,10,ตุลาคม,15,คัน,กระบะบรรทุก
74,2566,สำนักงานขนส่งจังหวัดสมุทรปราการ,35,10,ตุลาคม,7,คัน,ตู้บรรทุก
75,2566,สำนักงานขนส่งจังหวัดสมุทรปราการ,0,10,ตุลาคม,1,คัน,บรรทุกของเหลว
76,2566,สำนักงานขนส่งจังหวัดสมุทรปราการ,2,10,ตุลาคม,0,คัน,บรรทุกวัตถุอันตราย
77,2566,สำนักงานขนส่งจังหวัดสมุทรปราการ,16,10,ตุลาคม,5,คัน,บรรทุกเฉพาะกิจ
78,2566,สำนักงานขนส่งจังหวัดสมุทรปราการ,13,10,ตุลาคม,1,คัน,รถพ่วง
79,2566,สำนักงานขนส่งจังหวัดสมุทรปราการ,93,10,ตุลาคม,2,คัน,รถกึ่งพ่วง
80,2566,สำนักงานขนส่งจังหวัดสมุทรปราการ,85,10,ตุลาคม,0,คัน,ลากจูง
81,2566,สำนักงานขนส่งจังหวัดสมุทรปราการ,30,11,พฤศจิกายน ,11,คัน,กระบะบรรทุก
82,2566,สำนักงานขนส่งจังหวัดสมุทรปราการ,68,11,พฤศจิกายน ,5,คัน,ตู้บรรทุก
83,2566,สำนักงานขนส่งจังหวัดสมุทรปราการ,2,11,พฤศจิกายน ,1,คัน,บรรทุกของเหลว
84,2566,สำนักงานขนส่งจังหวัดสมุทรปราการ,1,11,พฤศจิกายน ,2,คัน,บรรทุกวัตถุอันตราย
85,2566,สำนักงานขนส่งจังหวัดสมุทรปราการ,16,11,พฤศจิกายน ,6,คัน,บรรทุกเฉพาะกิจ
86,2566,สำนักงานขนส่งจังหวัดสมุทรปราการ,7,11,พฤศจิกายน ,2,คัน,รถพ่วง
87,2566,สำนักงานขนส่งจังหวัดสมุทรปราการ,72,11,พฤศจิกายน ,4,คัน,รถกึ่งพ่วง
88,2566,สำนักงานขนส่งจังหวัดสมุทรปราการ,57,11,พฤศจิกายน ,2,คัน,ลากจูง
89,2566,สำนักงานขนส่งจังหวัดสมุทรปราการ,24,12,ธันวาคม,12,คัน,กระบะบรรทุก
90,2566,สำนักงานขนส่งจังหวัดสมุทรปราการ,39,12,ธันวาคม,4,คัน,ตู้บรรทุก
91,2566,สำนักงานขนส่งจังหวัดสมุทรปราการ,0,12,ธันวาคม,1,คัน,บรรทุกของเหลว
92,2566,สำนักงานขนส่งจังหวัดสมุทรปราการ,0,12,ธันวาคม,0,คัน,บรรทุกวัตถุอันตราย
93,2566,สำนักงานขนส่งจังหวัดสมุทรปราการ,7,12,ธันวาคม,7,คัน,บรรทุกเฉพาะกิจ
94,2566,สำนักงานขนส่งจังหวัดสมุทรปราการ,8,12,ธันวาคม,0,คัน,รถพ่วง
95,2566,สำนักงานขนส่งจังหวัดสมุทรปราการ,18,12,ธันวาคม,3,คัน,รถกึ่งพ่วง
96,2566,สำนักงานขนส่งจังหวัดสมุทรปราการ,29,12,ธันวาคม,3,คัน,ลากจูง
97,2567,สำนักงานขนส่งจังหวัดสมุทรปราการ,31,1,มกราคม,4,คัน,กระบะบรรทุก
98,2567,สำนักงานขนส่งจังหวัดสมุทรปราการ,52,1,มกราคม,8,คัน,ตู้บรรทุก
99,2567,สำนักงานขนส่งจังหวัดสมุทรปราการ,0,1,มกราคม,1,คัน,บรรทุกของเหลว
100,2567,สำนักงานขนส่งจังหวัดสมุทรปราการ,0,1,มกราคม,0,คัน,บรรทุกวัตถุอันตราย
101,2567,สำนักงานขนส่งจังหวัดสมุทรปราการ,17,1,มกราคม,14,คัน,บรรทุกเฉพาะกิจ
102,2567,สำนักงานขนส่งจังหวัดสมุทรปราการ,15,1,มกราคม,2,คัน,รถพ่วง
103,2567,สำนักงานขนส่งจังหวัดสมุทรปราการ,32,1,มกราคม,2,คัน,รถกึ่งพ่วง
104,2567,สำนักงานขนส่งจังหวัดสมุทรปราการ,54,1,มกราคม,1,คัน,ลากจูง
105,2567,สำนักงานขนส่งจังหวัดสมุทรปราการ,44,2,กุมภาพันธ์ ,6,คัน,กระบะบรรทุก
106,2567,สำนักงานขนส่งจังหวัดสมุทรปราการ,72,2,กุมภาพันธ์ ,13,คัน,ตู้บรรทุก
107,2567,สำนักงานขนส่งจังหวัดสมุทรปราการ,1,2,กุมภาพันธ์ ,1,คัน,บรรทุกของเหลว
108,2567,สำนักงานขนส่งจังหวัดสมุทรปราการ,0,2,กุมภาพันธ์ ,0,คัน,บรรทุกวัตถุอันตราย
109,2567,สำนักงานขนส่งจังหวัดสมุทรปราการ,8,2,กุมภาพันธ์ ,2,คัน,บรรทุกเฉพาะกิจ
110,2567,สำนักงานขนส่งจังหวัดสมุทรปราการ,11,2,กุมภาพันธ์ ,1,คัน,รถพ่วง
111,2567,สำนักงานขนส่งจังหวัดสมุทรปราการ,47,2,กุมภาพันธ์ ,0,คัน,รถกึ่งพ่วง
112,2567,สำนักงานขนส่งจังหวัดสมุทรปราการ,72,2,กุมภาพันธ์ ,1,คัน,ลากจูง
113,2567,สำนักงานขนส่งจังหวัดสมุทรปราการ,31,3,มีนาคม,9,คัน,กระบะบรรทุก
114,2567,สำนักงานขนส่งจังหวัดสมุทรปราการ,36,3,มีนาคม,8,คัน,ตู้บรรทุก
115,2567,สำนักงานขนส่งจังหวัดสมุทรปราการ,0,3,มีนาคม,1,คัน,บรรทุกของเหลว
116,2567,สำนักงานขนส่งจังหวัดสมุทรปราการ,0,3,มีนาคม,0,คัน,บรรทุกวัตถุอันตราย
117,2567,สำนักงานขนส่งจังหวัดสมุทรปราการ,12,3,มีนาคม,3,คัน,บรรทุกเฉพาะกิจ
118,2567,สำนักงานขนส่งจังหวัดสมุทรปราการ,4,3,มีนาคม,2,คัน,รถพ่วง
119,2567,สำนักงานขนส่งจังหวัดสมุทรปราการ,55,3,มีนาคม,0,คัน,รถกึ่งพ่วง
120,2567,สำนักงานขนส่งจังหวัดสมุทรปราการ,55,3,มีนาคม,0,คัน,ลากจูง
121,2567,สำนักงานขนส่งจังหวัดสมุทรปราการ,31,4,เมษายน,14,คัน,กระบะบรรทุก
122,2567,สำนักงานขนส่งจังหวัดสมุทรปราการ,35,4,เมษายน,5,คัน,ตู้บรรทุก
123,2567,สำนักงานขนส่งจังหวัดสมุทรปราการ,1,4,เมษายน,0,คัน,บรรทุกของเหลว
124,2567,สำนักงานขนส่งจังหวัดสมุทรปราการ,0,4,เมษายน,0,คัน,บรรทุกวัตถุอันตราย
125,2567,สำนักงานขนส่งจังหวัดสมุทรปราการ,11,4,เมษายน,3,คัน,บรรทุกเฉพาะกิจ
126,2567,สำนักงานขนส่งจังหวัดสมุทรปราการ,7,4,เมษายน,2,คัน,รถพ่วง
127,2567,สำนักงานขนส่งจังหวัดสมุทรปราการ,50,4,เมษายน,2,คัน,รถกึ่งพ่วง
128,2567,สำนักงานขนส่งจังหวัดสมุทรปราการ,59,4,เมษายน,3,คัน,ลากจูง
129,2567,สำนักงานขนส่งจังหวัดสมุทรปราการ,36,5,พฤษภาคม,12,คัน,กระบะบรรทุก
130,2567,สำนักงานขนส่งจังหวัดสมุทรปราการ,48,5,พฤษภาคม,11,คัน,ตู้บรรทุก
131,2567,สำนักงานขนส่งจังหวัดสมุทรปราการ,0,5,พฤษภาคม,3,คัน,บรรทุกของเหลว
132,2567,สำนักงานขนส่งจังหวัดสมุทรปราการ,1,5,พฤษภาคม,0,คัน,บรรทุกวัตถุอันตราย
133,2567,สำนักงานขนส่งจังหวัดสมุทรปราการ,19,5,พฤษภาคม,5,คัน,บรรทุกเฉพาะกิจ
134,2567,สำนักงานขนส่งจังหวัดสมุทรปราการ,12,5,พฤษภาคม,1,คัน,รถพ่วง
135,2567,สำนักงานขนส่งจังหวัดสมุทรปราการ,52,5,พฤษภาคม,3,คัน,รถกึ่งพ่วง
136,2567,สำนักงานขนส่งจังหวัดสมุทรปราการ,67,5,พฤษภาคม,8,คัน,ลากจูง
137,2567,สำนักงานขนส่งจังหวัดสมุทรปราการ,22,6,มิถุนายน,9,คัน,กระบะบรรทุก
138,2567,สำนักงานขนส่งจังหวัดสมุทรปราการ,58,6,มิถุนายน,10,คัน,ตู้บรรทุก
139,2567,สำนักงานขนส่งจังหวัดสมุทรปราการ,1,6,มิถุนายน,2,คัน,บรรทุกของเหลว
140,2567,สำนักงานขนส่งจังหวัดสมุทรปราการ,2,6,มิถุนายน,0,คัน,บรรทุกวัตถุอันตราย
141,2567,สำนักงานขนส่งจังหวัดสมุทรปราการ,2,6,มิถุนายน,5,คัน,บรรทุกเฉพาะกิจ
142,2567,สำนักงานขนส่งจังหวัดสมุทรปราการ,10,6,มิถุนายน,1,คัน,รถพ่วง
143,2567,สำนักงานขนส่งจังหวัดสมุทรปราการ,72,6,มิถุนายน,4,คัน,รถกึ่งพ่วง
144,2567,สำนักงานขนส่งจังหวัดสมุทรปราการ,73,6,มิถุนายน,5,คัน,ลากจูง
145,2567,สำนักงานขนส่งจังหวัดสมุทรปราการ,29,7,กรกฎาคม,11,คัน,กระบะบรรทุก
146,2567,สำนักงานขนส่งจังหวัดสมุทรปราการ,71,7,กรกฎาคม,7,คัน,ตู้บรรทุก
147,2567,สำนักงานขนส่งจังหวัดสมุทรปราการ,0,7,กรกฎาคม,1,คัน,บรรทุกของเหลว
148,2567,สำนักงานขนส่งจังหวัดสมุทรปราการ,1,7,กรกฎาคม,0,คัน,บรรทุกวัตถุอันตราย
149,2567,สำนักงานขนส่งจังหวัดสมุทรปราการ,12,7,กรกฎาคม,4,คัน,บรรทุกเฉพาะกิจ
150,2567,สำนักงานขนส่งจังหวัดสมุทรปราการ,11,7,กรกฎาคม,0,คัน,รถพ่วง
151,2567,สำนักงานขนส่งจังหวัดสมุทรปราการ,64,7,กรกฎาคม,2,คัน,รถกึ่งพ่วง
152,2567,สำนักงานขนส่งจังหวัดสมุทรปราการ,73,7,กรกฎาคม,0,คัน,ลากจูง
153,2567,สำนักงานขนส่งจังหวัดสมุทรปราการ,19,8,สิงหาคม,9,คัน,กระบะบรรทุก
154,2567,สำนักงานขนส่งจังหวัดสมุทรปราการ,73,8,สิงหาคม,15,คัน,ตู้บรรทุก
155,2567,สำนักงานขนส่งจังหวัดสมุทรปราการ,1,8,สิงหาคม,0,คัน,บรรทุกของเหลว
156,2567,สำนักงานขนส่งจังหวัดสมุทรปราการ,1,8,สิงหาคม,0,คัน,บรรทุกวัตถุอันตราย
157,2567,สำนักงานขนส่งจังหวัดสมุทรปราการ,10,8,สิงหาคม,11,คัน,บรรทุกเฉพาะกิจ
158,2567,สำนักงานขนส่งจังหวัดสมุทรปราการ,9,8,สิงหาคม,1,คัน,รถพ่วง
159,2567,สำนักงานขนส่งจังหวัดสมุทรปราการ,32,8,สิงหาคม,5,คัน,รถกึ่งพ่วง
160,2567,สำนักงานขนส่งจังหวัดสมุทรปราการ,54,8,สิงหาคม,1,คัน,ลากจูง
161,2567,สำนักงานขนส่งจังหวัดสมุทรปราการ,19,9,กันยายน,7,คัน,กระบะบรรทุก
162,2567,สำนักงานขนส่งจังหวัดสมุทรปราการ,38,9,กันยายน,8,คัน,ตู้บรรทุก
163,2567,สำนักงานขนส่งจังหวัดสมุทรปราการ,0,9,กันยายน,0,คัน,บรรทุกของเหลว
164,2567,สำนักงานขนส่งจังหวัดสมุทรปราการ,1,9,กันยายน,1,คัน,บรรทุกวัตถุอันตราย
165,2567,สำนักงานขนส่งจังหวัดสมุทรปราการ,19,9,กันยายน,4,คัน,บรรทุกเฉพาะกิจ
166,2567,สำนักงานขนส่งจังหวัดสมุทรปราการ,13,9,กันยายน,2,คัน,รถพ่วง
167,2567,สำนักงานขนส่งจังหวัดสมุทรปราการ,35,9,กันยายน,0,คัน,รถกึ่งพ่วง
168,2567,สำนักงานขนส่งจังหวัดสมุทรปราการ,43,9,กันยายน,3,คัน,ลากจูง
169,2567,สำนักงานขนส่งจังหวัดสมุทรปราการ,20,10,ตุลาคม,15,คัน,กระบะบรรทุก
170,2567,สำนักงานขนส่งจังหวัดสมุทรปราการ,74,10,ตุลาคม,16,คัน,ตู้บรรทุก
171,2567,สำนักงานขนส่งจังหวัดสมุทรปราการ,1,10,ตุลาคม,0,คัน,บรรทุกของเหลว
172,2567,สำนักงานขนส่งจังหวัดสมุทรปราการ,1,10,ตุลาคม,0,คัน,บรรทุกวัตถุอันตราย
173,2567,สำนักงานขนส่งจังหวัดสมุทรปราการ,13,10,ตุลาคม,15,คัน,บรรทุกเฉพาะกิจ
174,2567,สำนักงานขนส่งจังหวัดสมุทรปราการ,13,10,ตุลาคม,3,คัน,รถพ่วง
175,2567,สำนักงานขนส่งจังหวัดสมุทรปราการ,54,10,ตุลาคม,1,คัน,รถกึ่งพ่วง
176,2567,สำนักงานขนส่งจังหวัดสมุทรปราการ,50,10,ตุลาคม,1,คัน,ลากจูง
177,2567,สำนักงานขนส่งจังหวัดสมุทรปราการ,26,11,พฤศจิกายน ,4,คัน,กระบะบรรทุก
178,2567,สำนักงานขนส่งจังหวัดสมุทรปราการ,43,11,พฤศจิกายน ,13,คัน,ตู้บรรทุก
179,2567,สำนักงานขนส่งจังหวัดสมุทรปราการ,6,11,พฤศจิกายน ,1,คัน,บรรทุกของเหลว
180,2567,สำนักงานขนส่งจังหวัดสมุทรปราการ,2,11,พฤศจิกายน ,0,คัน,บรรทุกวัตถุอันตราย
181,2567,สำนักงานขนส่งจังหวัดสมุทรปราการ,24,11,พฤศจิกายน ,6,คัน,บรรทุกเฉพาะกิจ
182,2567,สำนักงานขนส่งจังหวัดสมุทรปราการ,12,11,พฤศจิกายน ,0,คัน,รถพ่วง
183,2567,สำนักงานขนส่งจังหวัดสมุทรปราการ,32,11,พฤศจิกายน ,0,คัน,รถกึ่งพ่วง
184,2567,สำนักงานขนส่งจังหวัดสมุทรปราการ,55,11,พฤศจิกายน ,0,คัน,ลากจูง
185,2567,สำนักงานขนส่งจังหวัดสมุทรปราการ,29,12,ธันวาคม,1,คัน,กระบะบรรทุก
186,2567,สำนักงานขนส่งจังหวัดสมุทรปราการ,35,12,ธันวาคม,20,คัน,ตู้บรรทุก
187,2567,สำนักงานขนส่งจังหวัดสมุทรปราการ,7,12,ธันวาคม,0,คัน,บรรทุกของเหลว
188,2567,สำนักงานขนส่งจังหวัดสมุทรปราการ,3,12,ธันวาคม,0,คัน,บรรทุกวัตถุอันตราย
189,2567,สำนักงานขนส่งจังหวัดสมุทรปราการ,13,12,ธันวาคม,2,คัน,บรรทุกเฉพาะกิจ
190,2567,สำนักงานขนส่งจังหวัดสมุทรปราการ,10,12,ธันวาคม,6,คัน,รถพ่วง
191,2567,สำนักงานขนส่งจังหวัดสมุทรปราการ,23,12,ธันวาคม,2,คัน,รถกึ่งพ่วง
192,2567,สำนักงานขนส่งจังหวัดสมุทรปราการ,35,12,ธันวาคม,1,คัน,ลากจูง
193,2568,สำนักงานขนส่งจังหวัดสมุทรปราการ,30,1,มกราคม,7,คัน,กระบะบรรทุก
194,2568,สำนักงานขนส่งจังหวัดสมุทรปราการ,55,1,มกราคม,3,คัน,ตู้บรรทุก
195,2568,สำนักงานขนส่งจังหวัดสมุทรปราการ,3,1,มกราคม,0,คัน,บรรทุกของเหลว
196,2568,สำนักงานขนส่งจังหวัดสมุทรปราการ,0,1,มกราคม,0,คัน,บรรทุกวัตถุอันตราย
197,2568,สำนักงานขนส่งจังหวัดสมุทรปราการ,8,1,มกราคม,6,คัน,บรรทุกเฉพาะกิจ
198,2568,สำนักงานขนส่งจังหวัดสมุทรปราการ,11,1,มกราคม,2,คัน,รถพ่วง
199,2568,สำนักงานขนส่งจังหวัดสมุทรปราการ,30,1,มกราคม,1,คัน,รถกึ่งพ่วง
200,2568,สำนักงานขนส่งจังหวัดสมุทรปราการ,48,1,มกราคม,1,คัน,ลากจูง
201,2568,สำนักงานขนส่งจังหวัดสมุทรปราการ,26,2,กุมภาพันธ์ ,13,คัน,กระบะบรรทุก
202,2568,สำนักงานขนส่งจังหวัดสมุทรปราการ,44,2,กุมภาพันธ์ ,3,คัน,ตู้บรรทุก
203,2568,สำนักงานขนส่งจังหวัดสมุทรปราการ,2,2,กุมภาพันธ์ ,2,คัน,บรรทุกของเหลว
204,2568,สำนักงานขนส่งจังหวัดสมุทรปราการ,0,2,กุมภาพันธ์ ,0,คัน,บรรทุกวัตถุอันตราย
205,2568,สำนักงานขนส่งจังหวัดสมุทรปราการ,10,2,กุมภาพันธ์ ,8,คัน,บรรทุกเฉพาะกิจ
206,2568,สำนักงานขนส่งจังหวัดสมุทรปราการ,10,2,กุมภาพันธ์ ,1,คัน,รถพ่วง
207,2568,สำนักงานขนส่งจังหวัดสมุทรปราการ,57,2,กุมภาพันธ์ ,0,คัน,รถกึ่งพ่วง
208,2568,สำนักงานขนส่งจังหวัดสมุทรปราการ,60,2,กุมภาพันธ์ ,2,คัน,ลากจูง
209,2568,สำนักงานขนส่งจังหวัดสมุทรปราการ,30,3,มีนาคม,14,คัน,กระบะบรรทุก
210,2568,สำนักงานขนส่งจังหวัดสมุทรปราการ,52,3,มีนาคม,5,คัน,ตู้บรรทุก
211,2568,สำนักงานขนส่งจังหวัดสมุทรปราการ,3,3,มีนาคม,0,คัน,บรรทุกของเหลว
212,2568,สำนักงานขนส่งจังหวัดสมุทรปราการ,1,3,มีนาคม,0,คัน,บรรทุกวัตถุอันตราย
213,2568,สำนักงานขนส่งจังหวัดสมุทรปราการ,19,3,มีนาคม,13,คัน,บรรทุกเฉพาะกิจ
214,2568,สำนักงานขนส่งจังหวัดสมุทรปราการ,6,3,มีนาคม,1,คัน,รถพ่วง
215,2568,สำนักงานขนส่งจังหวัดสมุทรปราการ,56,3,มีนาคม,0,คัน,รถกึ่งพ่วง
216,2568,สำนักงานขนส่งจังหวัดสมุทรปราการ,69,3,มีนาคม,2,คัน,ลากจูง
217,2568,สำนักงานขนส่งจังหวัดสมุทรปราการ,32,4,เมษายน,10,คัน,กระบะบรรทุก
218,2568,สำนักงานขนส่งจังหวัดสมุทรปราการ,87,4,เมษายน,105,คัน,ตู้บรรทุก
219,2568,สำนักงานขนส่งจังหวัดสมุทรปราการ,1,4,เมษายน,0,คัน,บรรทุกของเหลว
220,2568,สำนักงานขนส่งจังหวัดสมุทรปราการ,0,4,เมษายน,0,คัน,บรรทุกวัตถุอันตราย
221,2568,สำนักงานขนส่งจังหวัดสมุทรปราการ,5,4,เมษายน,1,คัน,บรรทุกเฉพาะกิจ
222,2568,สำนักงานขนส่งจังหวัดสมุทรปราการ,17,4,เมษายน,1,คัน,รถพ่วง
223,2568,สำนักงานขนส่งจังหวัดสมุทรปราการ,67,4,เมษายน,2,คัน,รถกึ่งพ่วง
224,2568,สำนักงานขนส่งจังหวัดสมุทรปราการ,93,4,เมษายน,3,คัน,ลากจูง
225,2568,สำนักงานขนส่งจังหวัดสมุทรปราการ,35,5,พฤษภาคม,8,คัน,กระบะบรรทุก
226,2568,สำนักงานขนส่งจังหวัดสมุทรปราการ,58,5,พฤษภาคม,8,คัน,ตู้บรรทุก
227,2568,สำนักงานขนส่งจังหวัดสมุทรปราการ,0,5,พฤษภาคม,0,คัน,บรรทุกของเหลว
228,2568,สำนักงานขนส่งจังหวัดสมุทรปราการ,0,5,พฤษภาคม,0,คัน,บรรทุกวัตถุอันตราย
229,2568,สำนักงานขนส่งจังหวัดสมุทรปราการ,5,5,พฤษภาคม,6,คัน,บรรทุกเฉพาะกิจ
230,2568,สำนักงานขนส่งจังหวัดสมุทรปราการ,25,5,พฤษภาคม,2,คัน,รถพ่วง
231,2568,สำนักงานขนส่งจังหวัดสมุทรปราการ,40,5,พฤษภาคม,1,คัน,รถกึ่งพ่วง
232,2568,สำนักงานขนส่งจังหวัดสมุทรปราการ,55,5,พฤษภาคม,1,คัน,ลากจูง
233,2568,สำนักงานขนส่งจังหวัดสมุทรปราการ,27,6,มิถุนายน,7,คัน,กระบะบรรทุก
234,2568,สำนักงานขนส่งจังหวัดสมุทรปราการ,100,6,มิถุนายน,5,คัน,ตู้บรรทุก
235,2568,สำนักงานขนส่งจังหวัดสมุทรปราการ,3,6,มิถุนายน,0,คัน,บรรทุกของเหลว
236,2568,สำนักงานขนส่งจังหวัดสมุทรปราการ,0,6,มิถุนายน,0,คัน,บรรทุกวัตถุอันตราย
237,2568,สำนักงานขนส่งจังหวัดสมุทรปราการ,16,6,มิถุนายน,5,คัน,บรรทุกเฉพาะกิจ
238,2568,สำนักงานขนส่งจังหวัดสมุทรปราการ,4,6,มิถุนายน,0,คัน,รถพ่วง
239,2568,สำนักงานขนส่งจังหวัดสมุทรปราการ,57,6,มิถุนายน,5,คัน,รถกึ่งพ่วง
240,2568,สำนักงานขนส่งจังหวัดสมุทรปราการ,69,6,มิถุนายน,3,คัน,ลากจูง
241,2568,สำนักงานขนส่งจังหวัดสมุทรปราการ,45,7,กรกฎาคม,8,คัน,กระบะบรรทุก
242,2568,สำนักงานขนส่งจังหวัดสมุทรปราการ,56,7,กรกฎาคม,7,คัน,ตู้บรรทุก
243,2568,สำนักงานขนส่งจังหวัดสมุทรปราการ,2,7,กรกฎาคม,2,คัน,บรรทุกของเหลว
244,2568,สำนักงานขนส่งจังหวัดสมุทรปราการ,0,7,กรกฎาคม,0,คัน,บรรทุกวัตถุอันตราย
245,2568,สำนักงานขนส่งจังหวัดสมุทรปราการ,7,7,กรกฎาคม,7,คัน,บรรทุกเฉพาะกิจ
246,2568,สำนักงานขนส่งจังหวัดสมุทรปราการ,19,7,กรกฎาคม,0,คัน,รถพ่วง
247,2568,สำนักงานขนส่งจังหวัดสมุทรปราการ,75,7,กรกฎาคม,2,คัน,รถกึ่งพ่วง
248,2568,สำนักงานขนส่งจังหวัดสมุทรปราการ,84,7,กรกฎาคม,2,คัน,ลากจูง
249,2568,สำนักงานขนส่งจังหวัดสมุทรปราการ,20,8,สิงหาคม,15,คัน,กระบะบรรทุก
250,2568,สำนักงานขนส่งจังหวัดสมุทรปราการ,78,8,สิงหาคม,6,คัน,ตู้บรรทุก
251,2568,สำนักงานขนส่งจังหวัดสมุทรปราการ,1,8,สิงหาคม,1,คัน,บรรทุกของเหลว
252,2568,สำนักงานขนส่งจังหวัดสมุทรปราการ,2,8,สิงหาคม,0,คัน,บรรทุกวัตถุอันตราย
253,2568,สำนักงานขนส่งจังหวัดสมุทรปราการ,4,8,สิงหาคม,7,คัน,บรรทุกเฉพาะกิจ
254,2568,สำนักงานขนส่งจังหวัดสมุทรปราการ,7,8,สิงหาคม,0,คัน,รถพ่วง
255,2568,สำนักงานขนส่งจังหวัดสมุทรปราการ,63,8,สิงหาคม,2,คัน,รถกึ่งพ่วง
256,2568,สำนักงานขนส่งจังหวัดสมุทรปราการ,80,8,สิงหาคม,5,คัน,ลากจูง
257,2568,สำนักงานขนส่งจังหวัดสมุทรปราการ,20,9,กันยายน,7,คัน,กระบะบรรทุก
258,2568,สำนักงานขนส่งจังหวัดสมุทรปราการ,96,9,กันยายน,23,คัน,ตู้บรรทุก
259,2568,สำนักงานขนส่งจังหวัดสมุทรปราการ,1,9,กันยายน,1,คัน,บรรทุกของเหลว
260,2568,สำนักงานขนส่งจังหวัดสมุทรปราการ,3,9,กันยายน,1,คัน,บรรทุกวัตถุอันตราย
261,2568,สำนักงานขนส่งจังหวัดสมุทรปราการ,2,9,กันยายน,19,คัน,บรรทุกเฉพาะกิจ
262,2568,สำนักงานขนส่งจังหวัดสมุทรปราการ,14,9,กันยายน,7,คัน,รถพ่วง
263,2568,สำนักงานขนส่งจังหวัดสมุทรปราการ,39,9,กันยายน,2,คัน,รถกึ่งพ่วง
264,2568,สำนักงานขนส่งจังหวัดสมุทรปราการ,52,9,กันยายน,1,คัน,ลากจูง
265,2568,สำนักงานขนส่งจังหวัดสมุทรปราการ,31,10,ตุลาคม,6,คัน,กระบะบรรทุก
266,2568,สำนักงานขนส่งจังหวัดสมุทรปราการ,97,10,ตุลาคม,23,คัน,ตู้บรรทุก
267,2568,สำนักงานขนส่งจังหวัดสมุทรปราการ,2,10,ตุลาคม,0,คัน,บรรทุกของเหลว
268,2568,สำนักงานขนส่งจังหวัดสมุทรปราการ,1,10,ตุลาคม,1,คัน,บรรทุกวัตถุอันตราย
269,2568,สำนักงานขนส่งจังหวัดสมุทรปราการ,9,10,ตุลาคม,6,คัน,บรรทุกเฉพาะกิจ
270,2568,สำนักงานขนส่งจังหวัดสมุทรปราการ,20,10,ตุลาคม,9,คัน,รถพ่วง
271,2568,สำนักงานขนส่งจังหวัดสมุทรปราการ,47,10,ตุลาคม,1,คัน,รถกึ่งพ่วง
272,2568,สำนักงานขนส่งจังหวัดสมุทรปราการ,46,10,ตุลาคม,2,คัน,ลากจูง
273,2568,สำนักงานขนส่งจังหวัดสมุทรปราการ,29,11,พฤศจิกายน ,9,คัน,กระบะบรรทุก
274,2568,สำนักงานขนส่งจังหวัดสมุทรปราการ,56,11,พฤศจิกายน ,12,คัน,ตู้บรรทุก
275,2568,สำนักงานขนส่งจังหวัดสมุทรปราการ,2,11,พฤศจิกายน ,5,คัน,บรรทุกของเหลว
276,2568,สำนักงานขนส่งจังหวัดสมุทรปราการ,0,11,พฤศจิกายน ,0,คัน,บรรทุกวัตถุอันตราย
277,2568,สำนักงานขนส่งจังหวัดสมุทรปราการ,17,11,พฤศจิกายน ,8,คัน,บรรทุกเฉพาะกิจ
278,2568,สำนักงานขนส่งจังหวัดสมุทรปราการ,33,11,พฤศจิกายน ,1,คัน,รถพ่วง
279,2568,สำนักงานขนส่งจังหวัดสมุทรปราการ,28,11,พฤศจิกายน ,3,คัน,รถกึ่งพ่วง
280,2568,สำนักงานขนส่งจังหวัดสมุทรปราการ,53,11,พฤศจิกายน ,2,คัน,ลากจูง
281,2568,สำนักงานขนส่งจังหวัดสมุทรปราการ,31,12,ธันวาคม,4,คัน,กระบะบรรทุก
282,2568,สำนักงานขนส่งจังหวัดสมุทรปราการ,105,12,ธันวาคม,10,คัน,ตู้บรรทุก
283,2568,สำนักงานขนส่งจังหวัดสมุทรปราการ,3,12,ธันวาคม,0,คัน,บรรทุกของเหลว
284,2568,สำนักงานขนส่งจังหวัดสมุทรปราการ,1,12,ธันวาคม,0,คัน,บรรทุกวัตถุอันตราย
285,2568,สำนักงานขนส่งจังหวัดสมุทรปราการ,19,12,ธันวาคม,5,คัน,บรรทุกเฉพาะกิจ
286,2568,สำนักงานขนส่งจังหวัดสมุทรปราการ,11,12,ธันวาคม,1,คัน,รถพ่วง
287,2568,สำนักงานขนส่งจังหวัดสมุทรปราการ,72,12,ธันวาคม,1,คัน,รถกึ่งพ่วง
288,2568,สำนักงานขนส่งจังหวัดสมุทรปราการ,87,12,ธันวาคม,1,คัน,ลากจูง
